saranyababuthoughtworkscom.local,GET,/booking/16,1204.0115089621395,173,PASS
saranyababuthoughtworkscom.local,GET,/booking/16,998.0131660122424,173,PASS
saranyababuthoughtworkscom.local,GET,/booking/16,256.4172479324043,173,PASS
saranyababuthoughtworkscom.local,GET,/booking/16,296.94962804205716,173,PASS
saranyababuthoughtworkscom.local,GET,/booking/16,261.97978504933417,173,PASS
saranyababuthoughtworkscom.local,GET,/booking/16,253.5317020956427,173,PASS
saranyababuthoughtworkscom.local,GET,/booking/16,366.4837519172579,173,PASS
saranyababuthoughtworkscom.local,GET,/booking/16,238.42086317017674,173,PASS
saranyababuthoughtworkscom.local,GET,/booking/16,277.1404581144452,173,PASS
saranyababuthoughtworkscom.local,GET,/booking/16,284.82346097007394,173,PASS
